Stop ID,Stop Code,Traffic
20,ADELADA1,24143.0
21,ADELADA2,24143.0
22,ADELCEN1,24143.0
23,ADELCEN2,24143.0
24,ADELCHE1,24143.0
25,ADELCHE2,24143.0
27,ADELDUN1,24143.0
28,ADELDUN2,24143.0
29,ADELEDNA,24143.0
32,ADELFAN2,24143.0
33,ADELGLEN,24143.0
34,ADELGRO1,24143.0
35,ADELGRO2,24143.0
36,ADELHAMI,24143.0
37,ADELHIL1,24143.0
38,ADELHIL2,24143.0
39,ADELHUR1,24143.0
40,ADELHUR2,24143.0
42,ADELHUR5,0.0
43,ADELKIP1,24143.0
44,ADELKIP2,24143.0
47,ADELKIP6,24143.0
48,ADELLEA1,24143.0
49,ADELLEA2,24143.0
50,ADELLEA3,24143.0
52,ADELLEA5,24143.0
53,ADELLISI,24143.0
54,ADELLORN,24143.0
55,ADELMAPL,24143.0
56,ADELMAUD,24143.0
57,ADELMCMA,24143.0
58,ADELNEL1,24143.0
59,ADELNEL2,24143.0
60,ADELOSG1,24143.0
61,ADELOSG2,24143.0
62,ADELOSG3,24143.0
63,ADELOSG4,24143.0
64,ADELOSG5,24143.0
65,ADELOSG6,24143.0
66,ADELOSG7,24143.0
67,ADELOXF1,24143.0
68,ADELOXF2,24143.0
69,ADELPAMA,24143.0
70,ADELPIC1,24143.0
71,ADELPIC2,24143.0
72,ADELPRIN,24143.0
73,ADELQUEE,24143.0
74,ADELREG1,24143.0
76,ADELROSE,24143.0
77,ADELSDAL,24143.0
78,ADELSJA1,24143.0
79,ADELSJA2,24143.0
80,ADELTENN,24143.0
81,ADELTERR,24143.0
82,ADELTHO1,24143.0
83,ADELTHO2,0.0
84,ADELTHO4,24143.0
85,ADELTHO6,0.0
86,ADELTHO8,0.0
87,ADELVIC1,24143.0
88,ADELVIC2,24143.0
89,ADELWIN1,24143.0
90,ADELWIN2,24143.0
93,ADMIBON1,3000.0
94,ADMIBON2,3000.0
95,ADMICAR1,3000.0
96,ADMICAR2,3000.0
97,ADMIKIP1,0.0
100,ADMISOVE,3000.0
101,ADMIVAU1,3000.0
102,ADMIVAU3,3000.0
104,ADMIVMP2,3000.0
114,ALDEARD1,5000.0
115,ALDEARD2,5000.0
116,ALDEAURO,5000.0
117,ALDEBARR,5000.0
119,ALDEBLA2,5000.0
120,ALDEBLA3,5000.0
121,ALDEBRAN,5000.0
122,ALDEBRU1,5000.0
123,ALDEBRU2,5000.0
126,ALDEGAI1,5000.0
127,ALDEGAI2,5000.0
128,ALDEHAW1,5000.0
129,ALDEHAW2,5000.0
130,ALDELAW1,5000.0
131,ALDELAW2,5000.0
132,ALDERAN1,5000.0
134,ALDEREX1,5000.0
135,ALDEREX2,5000.0
136,ALDESOCT,5000.0
137,ALDESPR1,5000.0
138,ALDESPR2,5000.0
141,ALUMHAL1,0.0
142,ALUMHAL2,0.0
145,AMBLGRA2,2750.0
147,AMBLHILL,2750.0
149,AMBLWHI1,2750.0
150,AMBLWHI2,0.0
154,ANDOCOM1,5357.0
155,ANDOCOM2,5357.0
156,ANDOELMG,5357.0
158,ANDONOVE,5357.0
160,ANDOVIG1,5357.0
161,ANDOVIG2,5357.0
163,ANDOVIS2,5357.0
164,ANDOVIS3,5357.0
166,ARGYMAL1,1000.0
167,ARGYMAL2,1000.0
168,ASHBMIL1,0.0
169,ASHBMIL2,0.0
170,ASHBSUR1,0.0
171,ASHBSUR2,0.0
176,BARKHURO,2429.0
183,BASEDELT,11567.0
184,BASEDUND,11567.0
189,BASEFAI2,11567.0
190,BASEFAI3,11567.0
192,BASEHIG1,11567.0
196,BASEMGR1,11567.0
206,BASEWEL1,11567.0
208,BASEWEL3,11567.0
210,BASEWEL6,11567.0
211,BASEWES1,11567.0
212,BASEWES2,0.0
213,BASEWES3,11567.0
214,BASEWES4,0.0
216,BASEWHA2,11567.0
222,BEACBAS1,4583.0
223,BEACBAS2,4583.0
224,BEAVBLYT,7125.0
225,BEAVHORI,7125.0
226,BEAVOXF1,7125.0
227,BEAVOXF2,7125.0
228,BEAVWOND,7125.0
229,BECKLANC,2500.0
230,BECKLANG,2500.0
231,BECKSORR,2500.0
232,BECKTOUK,2500.0
233,BECKTUDO,2500.0
234,BELMHILL,7500.0
235,BELMNODA,7500.0
236,BELMSLAW,7500.0
237,BELMWHAR,7500.0
240,BERKGAR1,3833.0
241,BERKGAR4,3833.0
242,BERKROB1,3833.0
243,BERKROB2,3833.0
244,BERKSPR1,3833.0
245,BERKSPR2,3833.0
246,BERKTOP1,3833.0
247,BERKTOP2,3833.0
250,BES1EXET,8500.0
252,BESSBES3,8500.0
253,BESSHAR1,8500.0
255,BKWTADE1,1667.0
262,BLACEDG2,3750.0
263,BLACEDG4,3750.0
265,BLACHOM2,3750.0
267,BLACWOND,3750.0
269,BLACWWA2,3750.0
274,BLUESUN2,3000.0
275,BOLEBASE,15222.0
276,BOLECOM1,15222.0
277,BOLECOM3,15222.0
278,BOLEGLEN,15222.0
279,BOLEGRIF,15222.0
280,BOLEWAYN,15222.0
281,BONADUND,4333.0
283,BONAMORE,4333.0
284,BONANAPO,4333.0
285,BONASIMP,4333.0
287,BONATRA2,4333.0
290,BOWBANC,1000.0
291,BRADADE1,14631.0
292,BRADADE2,14631.0
293,BRADAGN2,14631.0
294,BRADDEAR,14631.0
295,BRADERNE,14631.0
296,BRADJALN,14631.0
297,BRADWEL3,14631.0
298,BRADWIL1,14631.0
300,BRIAHURO,3750.0
302,BRIAMEL2,3750.0
303,BRUCMARL,2000.0
304,BRUCWORT,2000.0
305,BRYDHAL1,8643.0
306,BRYDHAL2,8643.0
308,BRYDHIG2,8643.0
309,BRYDHIG3,8643.0
312,BURLCAIR,0.0
313,BURLPOMI,0.0
314,BYBABELV,8700.0
316,BYBABYRO,8700.0
318,BYBAGRIF,8700.0
321,CAPUBLSM,5875.0
322,CAPUCAPW,5875.0
323,CARFCAR1,5000.0
324,CARFCAR2,5000.0
325,CARFGRAN,5000.0
326,CARFWOOD,5000.0
327,CARLCAPR,0.0
328,CARLSPE1,0.0
329,CARLSPE3,0.0
330,CARLTIFF,0.0
331,CATHBASE,1333.0
334,CATHDEVO,1333.0
336,CATHELMW,1333.0
339,CATHLANG,1333.0
340,CATHTECU,1333.0
341,CHAMSAND,1000.0
342,CHAMSKYL,1000.0
343,CHAMWHIS,1000.0
344,CHEAADE1,13920.0
345,CHEAADE2,13920.0
346,CHEAADE4,13920.0
348,CHEABARK,13920.0
349,CHEABOU1,13920.0
350,CHEABOU2,13920.0
351,CHEABRA1,13920.0
353,CHEACOL2,13920.0
354,CHEAGAM1,13920.0
355,CHEAGAM2,13920.0
357,CHEAMAI1,13920.0
358,CHEAMAI2,13920.0
359,CHEAMCNA,13920.0
360,CHEARICH,13920.0
361,CHEASTER,13920.0
364,CHEAWAT1,13920.0
365,CHEAWAT2,13920.0
368,CHEAWIL1,13920.0
369,CHEAWIL2,13920.0
371,CHERCHBL,8000.0
372,CHERCHC1,8000.0
373,CHERCHC2,8000.0
374,CHERCHC3,8000.0
375,CHERCHC4,0.0
378,CHEROXF1,8000.0
379,CHEROXF2,8000.0
381,CHERPLA1,8000.0
382,CHERPLA2,8000.0
384,CHIDCHID,3167.0
385,CHIDHUN1,3167.0
386,CHIDHUN2,3167.0
389,CHIDUPQ2,3167.0
390,CHIDWILK,3167.0
391,CHIPAPP2,3000.0
392,CHIPAPP4,3000.0
393,CHIPTREV,3000.0
394,CLARAVA1,17725.0
395,CLARCHA1,17725.0
396,CLARCHA2,17725.0
397,CLARCHA3,5500.0
398,CLARCHU1,17725.0
399,CLARCHU2,17725.0
400,CLARCULV,17725.0
402,CLARDUN1,17725.0
403,CLARDUN2,17725.0
404,CLARFIS1,17725.0
405,CLARFIS2,17725.0
406,CLARGORE,17725.0
409,CLARPACI,17725.0
410,CLARPKH1,17725.0
411,CLARPKH2,17725.0
412,CLARROY1,17725.0
413,CLARROY2,17725.0
414,CLARROY3,0.0
416,CLARSUD2,17725.0
417,CLARTRA1,17725.0
418,CLARTRA2,17725.0
419,CLARTRA4,17725.0
420,CLARWAV1,17725.0
421,CLARWAV2,17725.0
432,COLBCEN1,8364.0
433,COLBCEN2,8364.0
434,COLBDUFF,8364.0
438,COLBOXFD,8364.0
439,COLBPAM1,8364.0
440,COLBPAM2,8364.0
443,COLBPRIN,8364.0
445,COMMADE1,26217.0
446,COMMADE2,26217.0
447,COMMADE4,26217.0
448,COMMBOL2,26217.0
449,COMMDEV1,26217.0
450,COMMDEV2,26217.0
452,COMMDEV4,26217.0
453,COMMDEV6,26217.0
454,COMMFRO1,26217.0
455,COMMFRO2,26217.0
456,COMMGRD1,26217.0
457,COMMGRD2,26217.0
458,COMMHAM2,26217.0
461,COMMHUXL,26217.0
462,COMMKIE1,26217.0
463,COMMKIE2,26217.0
464,COMMLEA1,26217.0
465,COMMLEA2,26217.0
468,COMMLYN4,0.0
470,COMMNASH,26217.0
471,COMMNOR1,26217.0
472,COMMNOR2,26217.0
473,COMMNOT1,26217.0
474,COMMNOT3,26217.0
475,COMMPOM1,26217.0
477,COMMPOM3,26217.0
478,COMMPOM4,26217.0
479,COMMSPR1,26217.0
480,COMMSPR2,26217.0
481,COMMSPR4,26217.0
482,COMMSTEP,26217.0
483,COMMVISC,26217.0
487,CRANCOMM,4000.0
488,CRANHIMO,4000.0
490,CRUMPAGE,2725.0
492,CULVCLA1,17725.0
493,CULVCLA2,0.0
494,CULVCLA4,0.0
495,CULVCUL1,0.0
496,CULVCUL3,0.0
497,CULVCUL4,0.0
498,CULVCUL5,0.0
499,CULVTHR1,0.0
500,CULVTHR2,0.0
505,DEARBRAD,2833.0
506,DEARDUL1,2833.0
507,DEARDUL2,2833.0
508,DEARWILL,2833.0
509,DELAHAL2,0.0
510,DELAHALL,0.0
513,DEVECOM1,4333.0
519,DOONANGU,3500.0
520,DOONCAIT,3500.0
521,DOONMUS1,3500.0
522,DOONMUS2,3500.0
523,DOONRAV2,3500.0
524,DOONRAV4,3500.0
525,DOONSUNY,3500.0
526,DOONWIN1,3500.0
527,DOONWIN2,3500.0
528,DOWASH1,0.0
529,DOWASH2,0.0
531,DUFFCOLB,6000.0
532,DUFFPICT,6000.0
535,DUFFWEL2,6000.0
537,DUNDADE1,16069.0
538,DUNDADE2,16069.0
539,DUNDARVI,16069.0
540,DUNDASH1,16069.0
542,DUNDASH4,16069.0
543,DUNDBEA1,16069.0
544,DUNDBEA2,16069.0
546,DUNDBUR2,16069.0
547,DUNDCARL,16069.0
550,DUNDCLK1,16069.0
551,DUNDCLK4,16069.0
552,DUNDCOL1,16069.0
553,DUNDCOL2,16069.0
554,DUNDDORI,16069.0
556,DUNDEAS2,16069.0
557,DUNDEAS3,16069.0
560,DUNDEGE1,16069.0
561,DUNDEGE2,16069.0
562,DUNDELE1,16069.0
564,DUNDELIZ,16069.0
565,DUNDENGL,16069.0
566,DUNDFIR1,16069.0
567,DUNDFIR2,16069.0
569,DUNDFOR1,16069.0
570,DUNDFOR2,16069.0
572,DUNDHAL2,16069.0
573,DUNDHAL3,16069.0
574,DUNDHAL4,16069.0
575,DUNDHARC,3500.0
576,DUNDHEWI,16069.0
577,DUNDHIG1,16069.0
578,DUNDHIG2,16069.0
579,DUNDHIN1,3500.0
580,DUNDHIN2,3500.0
581,DUNDINDU,16069.0
583,DUNDKELL,16069.0
584,DUNDLYLE,16069.0
585,DUNDMAI1,16069.0
586,DUNDMAI2,16069.0
587,DUNDMANI,16069.0
592,DUNDONT1,16069.0
594,DUNDQUE1,16069.0
595,DUNDQUE2,16069.0
597,DUNDREC2,16069.0
600,DUNDRIDO,16069.0
602,DUNDSASK,16069.0
604,DUNDSDAL,3500.0
605,DUNDSPE1,16069.0
606,DUNDSPE2,16069.0
607,DUNDSPE4,16069.0
608,DUNDSTOC,3500.0
612,DUNDTHR,16069.0
614,DUNDWAT1,16069.0
615,DUNDWAT2,16069.0
617,DUNDWAV1,16069.0
620,DUNDWEL2,16069.0
623,DUNDWIL1,16069.0
624,DUNDWIL2,16069.0
626,EDENEAS1,0.0
627,EDENEAS2,0.0
628,EDENNIX,0.0
629,EDENVERU,0.0
630,EDWABASE,1000.0
634,EDWAELMW,1000.0
637,EDWAHIWY,1000.0
639,EDWALANG,1000.0
640,EDWATECU,1000.0
641,ELMWCATH,2500.0
642,ELMWMARL,2500.0
643,ELMWWORT,2500.0
644,EMERHIW1,1786.0
645,EMERHIW2,1786.0
646,EMERPADD,1786.0
647,EMERPHY1,1786.0
648,EMERPHY2,1786.0
649,EMERWIN1,1786.0
650,EMERWIN2,1786.0
651,ENTEHUBR,0.0
652,ENTEMID1,0.0
653,ENTEPOM1,0.0
654,ERNEBRA1,9300.0
655,ERNEBRA2,9300.0
656,ERNECON1,9300.0
657,ERNECON2,9300.0
658,ERNEELVI,9300.0
659,ERNEFEN1,9300.0
660,ERNEFEN2,9300.0
661,ERNEFINC,9300.0
662,ERNEJAL1,9300.0
663,ERNEJAL2,9300.0
665,ERNEMUR1,0.0
666,ERNEMUR3,9300.0
667,ERNEPAUL,9300.0
668,ERNESCO1,9300.0
669,ERNESCO2,9300.0
670,EXETMEG,19429.0
671,EXETSHOL,19429.0
672,EXETWEL1,19429.0
682,FANSADE1,9167.0
684,FANSADE4,9167.0
688,FANSFRE1,9167.0
692,FANSGLE1,9167.0
694,FANSGLEN,9167.0
695,FANSHAS1,9167.0
696,FANSHAS2,9167.0
697,FANSHAS3,9167.0
698,FANSHIGH,9167.0
699,FANSJEN2,9167.0
700,FANSJEN4,9167.0
701,FANSLOU1,9167.0
702,FANSLOU2,9167.0
703,FANSMCLE,9167.0
704,FANSNCR1,9167.0
705,FANSNCR2,9167.0
706,FANSNCR3,9167.0
707,FANSNCR4,9167.0
708,FANSPHIL,9167.0
709,FANSRIC1,9167.0
711,FANSSTO1,9167.0
712,FANSSTO2,9167.0
713,FANSSTO3,9167.0
717,FARRPROU,0.0
721,FERNCONT,7500.0
733,FLORASH1,14083.0
734,FLORASH2,14083.0
736,FLOREGE1,14083.0
737,FLOREGE2,14083.0
738,FLORELE1,14083.0
739,FLORELE2,14083.0
740,FLORFAI1,14083.0
741,FLORFAI2,14083.0
743,FLORHIG2,14083.0
744,FLORKEL1,14083.0
745,FLORKEL2,14083.0
750,FULLREGA,3500.0
752,FULLVES2,3500.0
756,GAINWON1,0.0
757,GAINWON2,0.0
759,GARDBER1,2750.0
762,GARDRID1,2750.0
763,GARDRID2,2750.0
766,GARDSOU2,2750.0
767,GARDSOU3,0.0
768,GLASMORN,0.0
783,GOREBRAE,7438.0
785,GOREFIRE,7438.0
790,GRANHIG1,4750.0
791,GRANHIG2,4750.0
792,GRANHIG4,0.0
800,GRENADEL,3750.0
801,GRENGREN,3750.0
803,GRENMIDA,3750.0
804,GREYCOLB,1875.0
805,GREYWATE,1875.0
808,GRIFBBA2,2808.0
810,GRIFBOLE,2808.0
811,GRIFCOMM,2808.0
812,GRIFDEA2,15222.0
814,GRIFFAIR,2808.0
816,GRIFHEMO,2808.0
817,GRIFNORM,2808.0
818,GRIFROBW,2808.0
822,GRIFWIDD,2808.0
828,HALEBEAT,7500.0
829,HALEBRY1,7500.0
830,HALEBRY2,7500.0
831,HALEDOU1,7500.0
832,HALEDOU2,7500.0
833,HALEDUND,7500.0
834,HALEEAST,7500.0
835,HALEELLS,7500.0
836,HALEGRAY,7500.0
837,HALEMAGE,7500.0
838,HALEMONT,7500.0
839,HALESTE1,7500.0
840,HALESTE2,7500.0
842,HALETRA2,7500.0
843,HALLCOMM,2500.0
845,HAMIADE1,16174.0
846,HAMIADE2,16174.0
847,HAMIBRA1,16174.0
848,HAMIBRA3,16174.0
850,HAMIEAST,16174.0
851,HAMIEGE1,16174.0
852,HAMIEGE2,16174.0
854,HAMIELM,16174.0
855,HAMIGIL1,16174.0
856,HAMIGIL2,16174.0
858,HAMIGORE,16174.0
859,HAMIHALE,16174.0
860,HAMIHIG1,16174.0
861,HAMIHIG2,16174.0
863,HAMILTGR,16174.0
865,HAMIMAME,16174.0
866,HAMIMEA1,16174.0
867,HAMIMEA3,16174.0
868,HAMINORL,16174.0
871,HAMIPILA,16174.0
874,HAMIREC1,16174.0
875,HAMIREC2,16174.0
878,HAMIRIRU,16174.0
879,HAMISAC1,16174.0
880,HAMISAC2,16174.0
883,HAMISJU1,16174.0
884,HAMISJU2,16174.0
885,HAMITENN,16174.0
887,HAMIWATM,16174.0
889,HASTCHA1,2100.0
890,HASTCHA2,2100.0
891,HASTDONY,2100.0
892,HASTVIR1,2100.0
893,HIGBBEA1,31920.0
894,HIGBBEA2,31920.0
895,HIGBBRY1,0.0
896,HIGBBRY2,31920.0
897,HIGBCALV,31920.0
898,HIGBCHE1,31920.0
899,HIGBCHE2,31920.0
900,HIGBDUN1,31920.0
901,HIGBDUN2,31920.0
903,HIGBEDVA,31920.0
905,HIGBFUL1,0.0
906,HIGBFUL2,31920.0
907,HIGBGOD1,31920.0
908,HIGBGOD2,31920.0
909,HIGBHAM1,31920.0
910,HIGBHAM2,31920.0
911,HIGBHIC1,31920.0
912,HIGBHIC2,31920.0
913,HIGBHURO,31920.0
914,HIGBKIAR,31920.0
915,HIGBKIL2,31920.0
916,HIGBLAN1,0.0
917,HIGBLAN2,31920.0
919,HIGBLPH1,0.0
920,HIGBLPH2,0.0
921,HIGBMAGE,31920.0
922,HIGBOXF1,31920.0
923,HIGBOXF2,0.0
924,HIGBOXF3,1000.0
925,HIGBOXF4,0.0
926,HIGBTRA1,31920.0
927,HIGBTRA2,31920.0
928,HIGBWIL1,31920.0
929,HIGBWIL2,31920.0
930,HIGHBASE,4917.0
931,HIGHCHE1,4917.0
932,HIGHCHE2,4917.0
933,HIGHEME1,4917.0
934,HIGHEME2,4917.0
936,HIGHGRA2,4917.0
937,HIGHMCL1,4917.0
940,HIGHWIN2,4917.0
941,HIGHWIN3,4917.0
943,HIGVFER1,3500.0
944,HIGVFER2,3500.0
945,HIGVROS1,3500.0
946,HIGVROS2,3500.0
947,HIGVROS3,3500.0
948,HIGVROS4,3500.0
949,HIGVWHA1,3500.0
950,HIGVWHA2,0.0
951,HIGVWHA4,3500.0
954,HOLIEXET,0.0
955,HOLIGREE,0.0
966,HORTHAMI,21958.0
967,HORTMAIT,21958.0
969,HORTRIC2,21958.0
970,HORTRID1,21958.0
977,HORTWAT2,21958.0
978,HORTWELL,21958.0
980,HORTWHA2,21958.0
981,HORTWHA3,21958.0
982,HORTWHA4,21958.0
988,HUBRENT4,2000.0
989,HUBRWIL2,2000.0
990,HUDSBAFF,2000.0
991,HUDSFROB,2000.0
992,HUDSJOLI,2000.0
993,HUDSTRAF,2000.0
997,HUROADE4,12604.0
998,HUROADE6,0.0
999,HUROBARK,12604.0
1002,HUROBRI1,12604.0
1003,HUROBRI2,12604.0
1005,HUROCOLB,12604.0
1006,HUROFRAS,12604.0
1008,HUROHIG2,12604.0
1009,HUROHIG3,12604.0
1010,HUROHIG4,12604.0
1011,HUROMCN1,12604.0
1012,HUROMCN2,12604.0
1013,HURORIC1,12604.0
1014,HURORIC2,12604.0
1015,HUROSAN1,12604.0
1016,HUROSAN2,12604.0
1017,HUROVES1,12604.0
1018,HUROVES2,12604.0
1019,HUROWAT1,12604.0
1020,HUROWAT2,12604.0
1021,HUROWEB1,12604.0
1022,HUROWEB2,12604.0
1024,HUROWEDG,12604.0
1026,HYDEFIG1,21562.0
1027,HYDEFIG2,21562.0
1028,HYDEIVAN,21562.0
1029,HYDEOXF1,21562.0
1030,HYDEOXF2,21562.0
1031,HYDERIVE,21562.0
1032,HYDEVALE,21562.0
1034,INDUOXFO,5000.0
1035,INDUPAG1,5000.0
1036,INDUPAG3,5000.0
1039,JALNAUGU,4430.0
1040,JALNBEE1,4430.0
1041,JALNBEE2,4430.0
1043,JALNBEM2,4430.0
1044,JALNBRA1,0.0
1046,JALNBRA3,4430.0
1047,JALNBRA4,4430.0
1048,JALNCHES,4430.0
1049,JALNCLAR,4430.0
1050,JALNCOLE,4430.0
1051,JALNERI1,4430.0
1052,JALNERI2,4430.0
1053,JALNERI4,4430.0
1055,JALNERN3,4430.0
1056,JALNERN4,4430.0
1057,JALNERN5,4430.0
1058,JALNFAI1,0.0
1059,JALNFAI2,4430.0
1060,JALNJOS1,4430.0
1061,JALNJOS2,4430.0
1062,JALNJOS4,4430.0
1063,JALNMEG,4430.0
1064,JALNPIER,4430.0
1065,JALNPON1,4430.0
1067,JALNPOP1,4430.0
1071,JALNSDAL,4430.0
1072,JALNTUMB,4430.0
1077,KINGBUR1,2250.0
1078,KINGCHI1,2250.0
1079,KINGCHI2,2250.0
1082,KINGEAGL,2250.0
1083,KINGECHO,2250.0
1084,KINGOAK1,1500.0
1085,KINGOAK2,1500.0
1086,KINGRICH,2250.0
1087,KINGSCE1,2250.0
1088,KINGSCE2,2250.0
1089,KINGTHO2,2250.0
1090,KINGVERM,2250.0
1091,KINGWON1,1500.0
1092,KINGWON2,1500.0
1093,KIPPADEL,6250.0
1094,KIPPARBO,6250.0
1095,KIPPBARK,6250.0
1096,KIPPBELF,6250.0
1097,KIPPBRIA,6250.0
1104,LAMBMID1,10333.0
1105,LANGHOLB,0.0
1107,LAWSBAN1,3900.0
1108,LAWSBAN2,3900.0
1109,LAWSDENL,3900.0
1110,LAWSLIMB,3900.0
1118,LIMBARD1,1500.0
1119,LIMBARD2,1500.0
1120,LIMBARD3,1500.0
1121,LIMBARD4,1500.0
1124,LIMBGAI1,1500.0
1125,LIMBGAI2,1500.0
1131,MACKEMER,0.0
1132,MAITREGE,4000.0
1133,MANITWEE,1000.0
1137,MARCNOEL,5500.0
1138,MARCRAI2,5500.0
1139,MARCTRAF,5500.0
1140,MASOSTO1,0.0
1141,MASOSTO2,0.0
1142,MASOSTO3,0.0
1143,MASOSTO4,0.0
1144,MASOSTO5,0.0
1145,MASOSTO6,0.0
1154,MCMAWON2,0.0
1155,MCNACHEA,0.0
1156,MCNAHUR1,0.0
1157,MCNAHUR2,0.0
1159,MCNAMEL2,0.0
1161,MCNAROC2,0.0
1162,MCNAVIC1,0.0
1163,MCNAVIC2,0.0
1164,MCNAVIC3,0.0
1165,MEADREA1,2375.0
1168,MEGEXE1,2250.0
1169,MEGEXE2,2250.0
1170,MELSBRIA,1500.0
1171,MELSSUSS,1500.0
1173,MIDDPERT,10333.0
1174,MILLASHB,3667.0
1175,MILLBEX1,0.0
1176,MILLBEX2,3667.0
1177,MILLBEX3,3667.0
1178,MILLBEX4,0.0
1179,MILLBRID,3667.0
1180,MILLDOWN,3667.0
1181,MILLDUD1,3667.0
1182,MILLDUD2,3667.0
1183,MILLEBU2,0.0
1184,MILLEBU4,3667.0
1185,MILLHARR,3667.0
1186,MILLPAR1,3667.0
1187,MILLPAR2,3667.0
1188,MILLSDA1,3667.0
1189,MILLSDA2,3667.0
1190,MILLSDA4,0.0
1191,MILLSHA1,3667.0
1192,MILLSHA2,3667.0
1193,MILLSHA3,3667.0
1194,MILLSHA4,3667.0
1195,MILLSTAN,3667.0
1199,MONTFUND,0.0
1200,MONTGORE,0.0
1201,MONTMANI,0.0
1206,MONTTWEE,0.0
1207,MORNCON1,5000.0
1208,MORNCON2,5000.0
1209,MORNCURR,5000.0
1210,MORNGLAS,5000.0
1214,MORNOXF2,0.0
1216,MORNOXF4,0.0
1217,MORNSAL1,5000.0
1218,MORNSAL2,5000.0
1219,MORNSTRA,5000.0
1222,NATSCI,0.0
1225,NEPT342N,0.0
1226,NEPTSOV1,0.0
1227,NEPTSOV3,0.0
1228,NEWBADE1,6500.0
1229,NEWBBESS,6500.0
1231,NEWBCON1,6500.0
1232,NEWBTOWE,6500.0
1234,NIXOCRE2,10000.0
1235,NIXOEDEN,10000.0
1236,NIXOSDAL,10000.0
1237,NIXOWIMB,10000.0
1238,NOELBOW,0.0
1240,NOTRVISC,5500.0
1244,OAKVCHIP,3000.0
1245,OAKVHURO,3000.0
1246,OAKVTILI,3000.0
1249,OSGOADE1,1500.0
1250,OSGOADE3,1500.0
1251,OSGOBRE1,1500.0
1252,OSGOBRE2,1500.0
1253,OSGOFITZ,1500.0
1254,OSGOKIN1,1500.0
1255,OSGOKIN2,1500.0
1256,OSGOKIN4,0.0
1257,OSGOMETC,1500.0
1258,OSGOWOO1,1500.0
1259,OSGOWOO2,1500.0
1260,OXFOADE1,26603.0
1261,OXFOADE2,26603.0
1262,OXFOANDR,26603.0
1263,OXFOBEA1,26603.0
1264,OXFOBEA2,26603.0
1265,OXFOBEA4,26603.0
1266,OXFOBRI1,26603.0
1268,OXFOCAP1,26603.0
1269,OXFOCAP2,26603.0
1270,OXFOCHE1,0.0
1271,OXFOCHE2,26603.0
1272,OXFOCHE3,26603.0
1273,OXFOCLA1,26603.0
1274,OXFOCLA2,0.0
1275,OXFOCLA3,0.0
1276,OXFOCLA5,26603.0
1277,OXFOCLA6,26603.0
1278,OXFOCLE1,26603.0
1279,OXFOCLE2,26603.0
1280,OXFOCOL1,26603.0
1281,OXFOCOL2,26603.0
1285,OXFOELI1,26603.0
1286,OXFOELI2,26603.0
1287,OXFOELL1,26603.0
1288,OXFOELL2,26603.0
1289,OXFOEMPI,26603.0
1290,OXFOFERN,26603.0
1291,OXFOFID1,26603.0
1292,OXFOFID2,26603.0
1294,OXFOFRE1,26603.0
1295,OXFOFRE2,26603.0
1296,OXFOGAM1,26603.0
1297,OXFOGAM2,26603.0
1298,OXFOGEO1,26603.0
1299,OXFOGEO2,26603.0
1300,OXFOGM1,0.0
1301,OXFOGM2,26603.0
1302,OXFOGM3,0.0
1303,OXFOGRAC,26603.0
1304,OXFOGUI1,26603.0
1305,OXFOGUI2,26603.0
1306,OXFOGUI3,26603.0
1307,OXFOHIG1,0.0
1308,OXFOHIG2,26603.0
1309,OXFOHIG3,26603.0
1310,OXFOHIG4,1000.0
1311,OXFOHYD1,26603.0
1312,OXFOHYD2,26603.0
1313,OXFOIND1,26603.0
1314,OXFOIND2,26603.0
1315,OXFOIND3,26603.0
1316,OXFOJUNI,26603.0
1317,OXFOLAR1,26603.0
1318,OXFOLAR2,26603.0
1319,OXFOLYMA,26603.0
1320,OXFOMAI1,26603.0
1321,OXFOMAI2,26603.0
1322,OXFOMORN,26603.0
1323,OXFOOAKS,26603.0
1324,OXFOOLH1,26603.0
1325,OXFOOLH2,26603.0
1326,OXFOPLAT,26603.0
1327,OXFOPRO1,26603.0
1328,OXFOPRO2,26603.0
1329,OXFOQUE1,26603.0
1330,OXFOQUE2,26603.0
1331,OXFORAT1,26603.0
1332,OXFORAT2,26603.0
1333,OXFORIC1,26603.0
1334,OXFORIC2,26603.0
1336,OXFOROE2,26603.0
1337,OXFOROY1,26603.0
1338,OXFOROY2,26603.0
1339,OXFOROY3,4389.0
1340,OXFOROY4,0.0
1341,OXFOSAN1,26603.0
1343,OXFOSEC1,26603.0
1344,OXFOSEC2,26603.0
1345,OXFOSPIT,26603.0
1346,OXFOSTE1,26603.0
1347,OXFOSTE2,26603.0
1348,OXFOSTRA,26603.0
1349,OXFOSTUA,26603.0
1350,OXFOTAL1,26603.0
1351,OXFOTAL2,26603.0
1352,OXFOTHI1,26603.0
1353,OXFOTHI2,26603.0
1354,OXFOWAT1,26603.0
1355,OXFOWAT2,26603.0
1356,OXFOWEL1,26603.0
1357,OXFOWEL2,26603.0
1358,OXFOWHA1,26603.0
1359,OXFOWHA2,26603.0
1360,OXFOWIL1,26603.0
1361,OXFOWIL2,26603.0
1362,OXFOWIST,26603.0
1363,OXFOWON1,26603.0
1364,OXFOWON2,26603.0
1371,PAGEVMPW,1750.0
1373,PARKMAEN,0.0
1376,PARKWEC2,0.0
1378,PERTWIN1,0.0
1379,PERTWIN2,0.0
1383,PHILPHIL,3000.0
1385,PHILSILV,3000.0
1389,PLATCHE1,0.0
1390,PLATCHE2,0.0
1391,PLATOXF1,0.0
1392,PLATOXF2,0.0
1393,PLATTRO1,0.0
1394,PLATTRO2,0.0
1399,PONDAILS,9700.0
1400,PONDBAN1,9700.0
1401,PONDBAN2,9700.0
1402,PONDBRA2,9700.0
1405,PONDBUC4,9700.0
1406,PONDBURL,9700.0
1407,PONDCLE1,9700.0
1408,PONDCLE2,9700.0
1409,PONDCOMM,9700.0
1410,PONDDEV2,9700.0
1411,PONDDEV4,9700.0
1412,PONDEGER,9700.0
1413,PONDENT2,9700.0
1414,PONDMILL,9700.0
1415,PONDMIR1,0.0
1416,PONDMIR2,9700.0
1417,PONDMIR3,9700.0
1418,PONDMIR4,0.0
1419,PONDOLDH,9700.0
1420,PONDPONV,9700.0
1421,PONDSCE1,9700.0
1422,PONDSCE4,9700.0
1423,PROUBEA1,9100.0
1424,PROUBEA2,9100.0
1425,PROUBEA3,9100.0
1427,PROUFAR1,9100.0
1428,PROUFAR2,9100.0
1429,PROUFAR3,9100.0
1430,PROUOXF1,9100.0
1431,PROUOXF2,9100.0
1432,PROUOXF3,9100.0
1434,QUEBDUFF,11714.0
1435,QUEBDUND,11714.0
1436,QUEBELI1,11714.0
1437,QUEBELI2,11714.0
1438,QUEBLOR1,11714.0
1439,QUEBLOR2,11714.0
1440,QUEBMORN,11714.0
1441,QUEBQUEE,11714.0
1442,QUEECLAR,10233.0
1443,QUENRIDO,10233.0
1445,RAILKENN,2500.0
1446,RAILPORT,2500.0
1447,RAILSADD,2500.0
1454,REARROTH,750.0
1455,REGEMAIT,3625.0
1456,REGEWILL,3625.0
1460,RICHCANT,21667.0
1463,RICHCENT,21667.0
1464,RICHCHE1,21667.0
1465,RICHCHE2,21667.0
1467,RICHDUF2,21667.0
1475,RICHGREY,21667.0
1476,RICHGRO1,21667.0
1477,RICHGRO2,21667.0
1478,RICHHOT1,21667.0
1479,RICHHOT2,21667.0
1480,RICHHOT3,21667.0
1481,RICHHUR1,21667.0
1482,RICHHUR2,21667.0
1483,RICHHYM1,21667.0
1485,RICHJACK,21667.0
1486,RICHJAM1,21667.0
1487,RICHJAM2,21667.0
1488,RICHKEN1,21667.0
1489,RICHKEN2,21667.0
1490,RICHKIN1,21667.0
1493,RICHMILL,21667.0
1494,RICHOXF1,21667.0
1495,RICHOXF2,21667.0
1496,RICHPALL,21667.0
1497,RICHPAR2,21667.0
1501,RICHQUEE,21667.0
1502,RICHRAY1,21667.0
1503,RICHRAY2,21667.0
1506,RICHREG1,21667.0
1508,RICHSHAV,21667.0
1509,RICHSIM1,21667.0
1511,RICHSUNN,21667.0
1512,RICHUNI1,21667.0
1513,RICHUNI2,21667.0
1514,RICHVIC1,21667.0
1515,RICHVIC2,21667.0
1516,RICHWEC1,21667.0
1518,RICHWES2,21667.0
1519,RICHWES4,0.0
1520,RICHWIN1,21667.0
1521,RICHWIN2,21667.0
1523,RICHWYND,21667.0
1531,RIDOBAKE,6350.0
1532,RIDOBAS1,6350.0
1533,RIDOBAS2,6350.0
1537,RIDOCRA1,6350.0
1538,RIDOCRA2,6350.0
1539,RIDOELMW,6350.0
1540,RIDOEME1,6350.0
1541,RIDOEME2,6350.0
1544,RIDOGRAN,6350.0
1545,RIDOHICK,6350.0
1546,RIDOHORT,6350.0
1547,RIDOING1,6350.0
1553,RIDOMOU2,6350.0
1554,RIDOROSE,6350.0
1555,RIDOTEC1,6350.0
1556,RIDOTEC2,6350.0
1557,RIDOWINS,6350.0
1558,RIDOYORK,6350.0
1562,RIVEANT1,16938.0
1563,RIVEANT2,16938.0
1564,RIVEBEA1,16938.0
1565,RIVEBEA2,16938.0
1566,RIVEBEA4,16938.0
1567,RIVEBRE1,16938.0
1568,RIVEBRE2,16938.0
1569,RIVEBRIT,16938.0
1570,RIVECAVE,16938.0
1581,RIVEHAR1,16938.0
1582,RIVEHAR2,16938.0
1583,RIVEHAR3,16938.0
1584,RIVEHAR4,16938.0
1587,RIVEMTPL,16938.0
1588,RIVEMURD,16938.0
1589,RIVEORI1,16938.0
1590,RIVEORI2,16938.0
1592,RIVESAN1,16938.0
1593,RIVESAN2,16938.0
1600,RIVEWHA1,16938.0
1601,RIVEWHA4,16938.0
1602,RIVEWIL1,16938.0
1603,RIVEWIL2,16938.0
1604,RIVEWON1,16938.0
1606,RIVEWOO1,16938.0
1607,RIVEWOO2,16938.0
1608,ROXBWEL2,7750.0
1609,ROYACAS1,3500.0
1610,ROYACAS2,3500.0
1617,SALIQUEB,0.0
1618,SANDBEC1,4800.0
1619,SANDBEC2,4800.0
1620,SANDBENT,4800.0
1623,SANDHUR1,4800.0
1624,SANDHUR2,4800.0
1625,SANDVER1,0.0
1626,SANDVER2,0.0
1627,SANDWIL2,0.0
1628,SANDWIL4,0.0
1629,SANIPLY1,14667.0
1630,SANIPLY2,14667.0
1631,SANIRIV1,14667.0
1632,SANIRIV2,14667.0
1633,SANISUT1,14667.0
1634,SANISUT2,4389.0
1635,SARNALD1,20455.0
1636,SARNALD2,20455.0
1637,SARNBRES,20455.0
1638,SARNCAS1,20455.0
1639,SARNCAS3,20455.0
1640,SARNCOOM,20455.0
1641,SARNLEYT,20455.0
1643,SARNRIPP,20455.0
1644,SARNSLEI,20455.0
1645,SARNTHIS,20455.0
1646,SARNWES1,20455.0
1647,SARNWES2,20455.0
1648,SARNWON1,20455.0
1653,SEAGHYPK,0.0
1656,SHELBUR2,0.0
1657,SHELDEVE,0.0
1658,SHOLEXE1,3000.0
1659,SHOLEXE2,3000.0
1660,SHOLJAL1,3000.0
1661,SHOLJAL2,4430.0
1662,SKYLCHAM,1500.0
1663,SORRHURO,3000.0
1665,SORRPERT,3000.0
1666,SOUTADE1,22118.0
1667,SOUTADE2,22118.0
1668,SOUTAND1,22118.0
1669,SOUTAND2,22118.0
1670,SOUTBEA1,1500.0
1673,SOUTDUL1,22118.0
1674,SOUTDUL2,22118.0
1675,SOUTDUN2,22118.0
1678,SOUTEAS2,22118.0
1680,SOUTHOME,22118.0
1681,SOUTJAL1,22118.0
1683,SOUTKOR1,22118.0
1684,SOUTKOR2,22118.0
1685,SOUTMIL1,22118.0
1686,SOUTMIL2,22118.0
1687,SOUTMIL3,4389.0
1688,SOUTMIL4,0.0
1689,SOUTMIL5,22118.0
1690,SOUTMIL6,22118.0
1691,SOUTNIX2,22118.0
1692,SOUTNIX2,22118.0
1694,SOUTNOD1,22118.0
1695,SOUTNOD2,22118.0
1696,SOUTNOD4,22118.0
1697,SOUTPOM1,22118.0
1698,SOUTPOM2,22118.0
1700,SOUTVER1,22118.0
1701,SOUTVER2,22118.0
1702,SOUTWATE,2500.0
1703,SOUTWEL1,22118.0
1704,SOUTWEL2,22118.0
1705,SOUTWEL3,2500.0
1706,SOUTWHA1,22118.0
1707,SOUTWHA2,22118.0
1708,SOUTWHA3,22118.0
1709,SOUTWHA4,22118.0
1710,SOUTWHOK,22118.0
1711,SOUTWIL1,22118.0
1712,SOUTWIL2,22118.0
1713,SOUTWON1,22118.0
1714,SOUTWON2,22118.0
1716,SOVEBEL1,1000.0
1717,SOVEBEL2,1000.0
1718,SOVENEP2,1000.0
1719,SOVENEP4,1000.0
1720,SOVETART,1000.0
1721,SOVETRA1,1000.0
1722,SOVETRA2,1000.0
1723,SOWEFADA,2500.0
1724,SOWEMARI,2500.0
1725,SOWESAV1,2500.0
1726,SOWESAV2,2500.0
1727,SOWESUNN,2500.0
1728,SPRIBER1,18100.0
1729,SPRIBER3,0.0
1730,SPRIBER4,18100.0
1732,SPRICHEL,18100.0
1733,SPRICOM1,18100.0
1734,SPRICOM2,18100.0
1735,SPRIGRE1,18100.0
1736,SPRIGRE2,18100.0
1737,SPRIGROW,18100.0
1738,SPRIHIC1,18100.0
1739,SPRIHIC2,18100.0
1740,SPRIJAR1,18100.0
1741,SPRIJAR2,18100.0
1742,SPRIKER1,18100.0
1743,SPRIKER2,18100.0
1744,SPRIMAR1,18100.0
1745,SPRIMAR2,18100.0
1746,SPRIQUI1,18100.0
1747,SPRIQUI2,18100.0
1748,SPRISPRI,18100.0
1749,SPRITROW,18100.0
1750,SPRIWES1,0.0
1752,SPRIWES3,18100.0
1753,SPRIWES4,18100.0
1754,SPRIWON1,18100.0
1755,SPRIWON2,18100.0
1757,STANFANS,0.0
1758,STANPERR,11750.0
1759,STANWHAR,11750.0
1760,STANWORT,11750.0
1769,THIRCUL1,5250.0
1771,THIROXF1,5250.0
1772,THIROXF2,5250.0
1773,THISBKW1,1500.0
1776,THOMADE1,0.0
1777,THOMADE2,11917.0
1779,THOMCHE1,11917.0
1780,THOMCHE2,11917.0
1781,THOMEME1,11917.0
1783,THOMGLA1,11917.0
1784,THOMGLA2,11917.0
1785,THOMJACQ,11917.0
1786,THOMKED1,11917.0
1787,THOMKED2,11917.0
1788,TRAFATK2,10474.0
1789,TRAFBALF,10474.0
1790,TRAFBANC,10474.0
1791,TRAFCLA1,10474.0
1792,TRAFCLA2,10474.0
1793,TRAFCLA4,10474.0
1794,TRAFDAWN,10474.0
1796,TRAFHUD2,10474.0
1797,TRAFHUD4,10474.0
1798,TRAFMARC,10474.0
1799,TRAFSTE1,10474.0
1800,TRAFSTE2,10474.0
1801,TRAFTHO1,10474.0
1802,TRAFTHO2,10474.0
1803,TRAFVAN1,10474.0
1804,TRAFVAN2,10474.0
1810,TWEECOU2,3000.0
1811,TWEECOU4,3000.0
1812,TWEEELLE,3000.0
1813,TWEEHALE,3000.0
1816,UNIVHOS1,0.0
1817,UNIVHOS2,0.0
1818,UNIVRIC1,0.0
1819,UNIVRIC2,0.0
1820,UNIVSUN1,0.0
1821,UNIVSUN2,0.0
1825,UPPECHI4,13125.0
1826,UPPECOM1,13125.0
1827,UPPECOM2,13125.0
1832,VALEADEV,2500.0
1833,VALECAYL,2500.0
1834,VALECRAM,2500.0
1835,VALEDER2,2500.0
1836,VALEDER4,2500.0
1837,VALEHIB1,2500.0
1838,VALEHIB2,2500.0
1839,VALEHYP1,2500.0
1840,VALEHYP2,2500.0
1841,VALEOAKR,2500.0
1843,VALEOPK2,2500.0
1844,VALEPLA1,2500.0
1845,VALEPLA2,2500.0
1846,VALESAL1,2500.0
1847,VALESHR1,2500.0
1848,VALESHR2,2500.0
1849,VALEWOO1,2500.0
1850,VALEWOO2,2500.0
1852,VERUEDEN,3500.0
1854,VICTCOMM,1722.0
1855,VICTLOT9,1722.0
1856,VICTMUBU,1722.0
1857,VICTWES1,1722.0
1859,VICTZONB,1722.0
1872,VISCCOM2,6711.0
1873,VISCCRAN,6711.0
1874,VISCFARN,6711.0
1875,VISCFOXM,6711.0
1876,VISCGAL1,6711.0
1877,VISCGAL2,6711.0
1878,VISCGAL3,6711.0
1879,VISCGARD,6711.0
1883,VISCPIVA,6711.0
1884,VISCSTEE,6711.0
1885,VISCTAV1,6711.0
1886,VISCTAV2,6711.0
1888,VISCVIGR,6711.0
1889,VISCWON1,0.0
1890,VISCWON2,6711.0
1891,VISCWON3,6711.0
1893,VISCWON5,6711.0
1896,WAVECAS1,9250.0
1897,WAVECAS2,9250.0
1898,WAVECLA1,9250.0
1899,WAVECLA2,9250.0
1903,WAVEDUN2,0.0
1905,WAVEDUN4,0.0
1906,WAVEDUN6,9250.0
1907,WAVEEDM1,9250.0
1908,WAVEEDM2,9250.0
1910,WAVEKIW1,9250.0
1911,WAVEKIW2,9250.0
1912,WAVEMER1,9250.0
1913,WAVEMER2,9250.0
1915,WAVESASK,9250.0
1916,WAVEVANC,9250.0
1918,WAVEWIN2,9250.0
1922,WELLALEX,33095.0
1923,WELLBAS1,33095.0
1924,WELLBAS2,33095.0
1925,WELLBOND,33095.0
1926,WELLBRA1,33095.0
1927,WELLBRA2,33095.0
1929,WELLCHES,33095.0
1930,WELLCOLG,33095.0
1931,WELLCOM1,33095.0
1933,WELLCOM4,33095.0
1934,WELLCRES,33095.0
1935,WELLDEAR,33095.0
1936,WELLDUFF,33095.0
1938,WELLDUN2,33095.0
1939,WELLDUN3,33095.0
1940,WELLEXE1,33095.0
1941,WELLEXE2,33095.0
1942,WELLGRA1,33095.0
1943,WELLGRA2,33095.0
1944,WELLGRE1,33095.0
1945,WELLGRE2,33095.0
1947,WELLHOR1,33095.0
1948,WELLHOR2,33095.0
1950,WELLMCL1,33095.0
1952,WELLMON1,33095.0
1953,WELLMON2,33095.0
1954,WELLMON4,33095.0
1956,WELLNAD1,0.0
1957,WELLNADI,33095.0
1958,WELLPERC,33095.0
1963,WELLSDA1,33095.0
1964,WELLSDA2,33095.0
1965,WELLSDA3,33095.0
1968,WELLSOU1,33095.0
1969,WELLSOU2,33095.0
1970,WELLTHJA,33095.0
1971,WELLWAT1,33095.0
1972,WELLWAT2,33095.0
1974,WELLWELL,33095.0
1975,WELLWIL1,33095.0
1977,WELLWIL3,33095.0
1978,WELLWIL4,33095.0
1983,WESTAMB1,22917.0
1984,WESTAMB2,22917.0
1985,WESTBAS1,10000.0
1986,WESTBAS2,10000.0
1988,WESTELG1,22917.0
1989,WESTELG2,12604.0
1991,WESTESSE,22917.0
1992,WESTHOL1,22917.0
1993,WESTHOL2,22917.0
1996,WESTLAM2,22917.0
1997,WESTMAL1,0.0
1998,WESTMAL2,0.0
1999,WESTMAL3,0.0
2001,WESTPLA1,22917.0
2002,WESTPLA2,22917.0
2003,WESTSAR2,22917.0
2004,WESTSAR4,0.0
2007,WESTWHE1,10000.0
2008,WESTWHE2,10000.0
2009,WEXFADMI,1000.0
2010,WEXFROY1,1000.0
2011,WEXFROY2,1000.0
2015,WHARBAS1,24600.0
2016,WHARBAS2,24600.0
2022,WHARBYR1,24600.0
2023,WHARBYR2,24600.0
2024,WHARCENT,24600.0
2026,WHARCOM1,24600.0
2027,WHARCOM2,24600.0
2029,WHARDEVO,24600.0
2031,WHARELM1,24600.0
2032,WHARELM2,24600.0
2033,WHAREME1,24600.0
2034,WHAREME2,24600.0
2035,WHAREMPR,24600.0
2037,WHAREUCL,24600.0
2041,WHARLEXI,24600.0
2042,WHARMCDO,22917.0
2043,WHARMOIR,24600.0
2044,WHARMPL1,24600.0
2045,WHARMPL2,24600.0
2046,WHAROXF1,24600.0
2047,WHAROXF2,24600.0
2049,WHARPAUL,24600.0
2050,WHARRIG1,24600.0
2051,WHARRIG2,24600.0
2054,WHARTEC1,24600.0
2055,WHARTEC2,24600.0
2056,WHARWDAL,24600.0
2057,WHARWYAT,24600.0
2060,WHITOMA3,5408.0
2061,WHITOMA1,5408.0
2062,WHITOMA2,5408.0
2063,WHITOMA4,5408.0
2066,WILKCHI1,3875.0
2067,WILKCHI2,3875.0
2068,WILLDEAR,1500.0
2069,WILLOSG1,1500.0
2070,WILLOSG2,1500.0
2071,WILLREGE,4500.0
2075,WILTSIS4,5933.0
2076,WINDADE1,0.0
2077,WINDADE2,10929.0
2079,WINDADE4,10929.0
2080,WINDDOO2,10929.0
2081,WINDDOO3,0.0
2082,WINDDOO4,10929.0
2083,WINDRIC1,10929.0
2084,WINDRIC2,10929.0
2085,WINDTAL1,10929.0
2086,WINDTAL2,10929.0
2095,WONDALDE,34184.0
2096,WONDATTA,34184.0
2097,WONDBEA1,34184.0
2098,WONDBEA2,34184.0
2099,WONDBLAC,34184.0
2100,WONDCOM1,34184.0
2101,WONDCOM2,34184.0
2102,WONDCOM3,34184.0
2103,WONDFAR1,34184.0
2104,WONDFAR2,34184.0
2105,WONDFAR3,34184.0
2106,WONDFAR4,34184.0
2107,WONDGAIN,34184.0
2108,WONDKIW1,34184.0
2109,WONDKIW2,34184.0
2111,WONDMMA1,34184.0
2112,WONDMMA2,34184.0
2113,WONDMMA3,34184.0
2114,WONDMMA4,34184.0
2115,WONDOXF1,34184.0
2116,WONDOXF2,34184.0
2117,WONDOXF3,34184.0
2118,WONDOXF4,34184.0
2119,WONDPVA1,34184.0
2120,WONDPVA2,34184.0
2121,WONDPVA4,34184.0
2122,WONDRIV1,34184.0
2123,WONDRIV2,34184.0
2124,WONDROSE,34184.0
2125,WONDSAR1,20455.0
2128,WONDSDA1,34184.0
2132,WONDSPR1,34184.0
2134,WONDTEE1,34184.0
2135,WONDVIL1,34184.0
2136,WONDVIL2,34184.0
2138,WONDVIS2,34184.0
2139,WONDVIS3,0.0
2140,WOODCAM1,7667.0
2141,WOODCAM2,7667.0
2142,WOODEDI1,7667.0
2143,WOODEDI2,7667.0
2144,WOODRIVE,7667.0
2146,WOODTOZ2,7667.0
2154,YORKADE1,18714.0
2155,YORKADE2,18714.0
2157,YORKCOL1,18714.0
2158,YORKCOL2,18714.0
2161,YORKLYL1,18714.0
2162,YORKLYL2,18714.0
2163,YORKMAI1,18714.0
2164,YORKMAI2,18714.0
2165,YORKREC1,18714.0
2166,YORKREC2,18714.0
2170,YORKTHA1,18714.0
2171,YORKTHA2,18714.0
2172,YORKWAT1,18714.0
2173,YORKWAT2,18714.0
2175,YORKWIL1,18714.0
2176,YORKWIL2,18714.0
2179,YXUTERM,0.0
2180,120CHER,0.0
2181,366OXFO,0.0
2182,500PROU,0.0
2183,730WOND,0.0
2184,720WOND,0.0
2185,ADELLEA7,24143.0
2186,ADELWILL,24143.0
2188,ALDEALD2,5000.0
2190,AMBLGRN2,2750.0
2194,BASEWHA1,11567.0
2195,BERKBER1,3833.0
2196,BERKBER2,3833.0
2198,BERKGAR2,3833.0
2203,BRADADE3,14631.0
2204,BRADPOMI,14631.0
2205,BRADWIL4,14631.0
2206,BRADWOPS,5408.0
2207,BRYDCORN,8643.0
2208,BRYDGRAY,8643.0
2209,CHEABRA2,13920.0
2210,CHERMALF,0.0
2212,CLARWHI2,17725.0
2213,COMMBOL1,26217.0
2215,COMMMED1,26217.0
2216,COMMMED2,26217.0
2217,COMMWCO1,26217.0
2218,DUFFWATS,6000.0
2219,DUNDMCOR,16069.0
2220,EMERRIDG,1786.0
2223,FANCOLL2,9167.0
2224,FANCOLL3,9167.0
2225,FANCOLL4,9167.0
2226,FANCOLL5,9167.0
2228,FCBLCHE1,9167.0
2229,FCBLCHE2,9167.0
2230,FCBLFLE1,9167.0
2231,FCBLFLE2,9167.0
2233,HASTVIR2,2100.0
2234,HIGBKIL1,31920.0
2235,HIGBTOWN,31920.0
2236,HIGVWHA3,0.0
2239,HORTCOL1,21958.0
2240,HORTCOL2,21958.0
2241,HUROHIG1,12604.0
2242,JALNBRA7,4430.0
2243,JALNCONW,4430.0
2248,LAWSBLF1,3900.0
2249,LAWSBLF2,3900.0
2251,MORNCON3,0.0
2252,MORNMOR4,5000.0
2256,OAKRMALL,2000.0
2257,OXFOCLA4,26603.0
2259,PINNFAN1,3267.0
2262,PONDBRA4,9700.0
2264,PONDDEV1,9700.0
2267,RAILDAYB,2500.0
2268,REMARK,0.0
2272,RIDGKER2,1875.0
2276,SOUTHOSP,2500.0
2279,TRAFFAL2,10474.0
2284,VICZONC,1722.0
2290,WESTPHA1,22917.0
2291,WESTPHA3,22917.0
2292,WESTTHO1,10000.0
2293,WHARHORT,24600.0
2295,WHOKMANB,4430.0
2296,WHOKMASB,4430.0
2297,WILTMIDP,5933.0
2299,WILTPMI2,5933.0
2300,WILTPMI4,5933.0
2303,WILTSIS2,0.0
2304,WINDDOO1,10929.0
2305,WONDVIS4,34184.0
2306,HUROBRI3,0.0
2309,BLUESUN1,3000.0
2313,CULVCUL2,0.0
2314,DUNDVMP1,16069.0
2315,DUNDVMP2,16069.0
2317,HAMIWIL1,16174.0
2318,HAMIWIL2,16174.0
2322,WONDSAR2,34184.0
2323,WONDSPRI,34184.0
2324,BRADADE4,14631.0
2325,BRADAGN1,14631.0
2326,BRADWEL1,14631.0
2327,BRADWEL2,14631.0
2329,CLARAVA2,17725.0
2331,FANCOLL1,9167.0
2333,KINGDIP1,2250.0
2334,KINGDIP2,2250.0
2335,NEWBBRA1,6500.0
2336,RIVEWHA2,16938.0
2337,SOUTNOD3,22118.0
2341,FOREHIL1,9100.0
2342,FOREHIL2,9100.0
2343,GAINWON4,11222.0
2352,PHILBILL,3000.0
2353,101CHER,0.0
2354,105CHER,0.0
2355,115CHER,0.0
2356,140CHER,0.0
2357,160CHER,0.0
2358,170CHER,0.0
2359,180CHER,0.0
2360,190CHER,0.0
2361,200WEST,0.0
2362,201RIVE,0.0
2363,201WEST,0.0
2364,304OXFO,0.0
2365,314OXFO,0.0
2366,368OXFO,0.0
2367,540PROU,0.0
2368,560PROU,0.0
2369,570PROU,0.0
2370,575PROU,0.0
2371,585PROU,0.0
2372,595PROU,0.0
2373,600PROU,0.0
2374,605PROU,0.0
2375,670HORI,0.0
2376,680WOND,0.0
2377,690WOND,0.0
2378,695PROU,0.0
2379,700WOND,0.0
2380,710WOND,0.0
2381,740PROU,0.0
2382,744PROU,0.0
2383,85WAL,0.0
2385,BEAVOAKC,7125.0
2387,BEAVSARN,20455.0
2388,BEAVWILR,7125.0
2389,BEAVWON1,7125.0
2390,CAPUOXFO,5875.0
2392,COMMMEDG,26217.0
2393,CRUMOXFO,2725.0
2394,CUDDARTI,0.0
2395,CUDDPAGE,0.0
2396,HYDEFITZ,21562.0
2397,HYDEGAI1,21562.0
2398,HYDEGAI2,21562.0
2399,HYDEIVA2,21562.0
2400,HYDEOXF3,21562.0
2401,HYDEPRIP,21562.0
2402,HYDEROY1,21562.0
2403,HYDEROY2,21562.0
2404,HYDESCA1,21562.0
2405,HYDESCA2,21562.0
2406,MASOMALL,0.0
2407,OAKCMAP1,0.0
2408,OAKCMAP2,0.0
2409,OAKCOAKC,0.0
2410,OXFOVMPW,26603.0
2411,PAGECUDD,1750.0
2412,SOVEADM1,1000.0
2413,SOVEADM3,1000.0
2414,SOVESOVE,0.0
2415,BEAVCAP1,7125.0
2416,BEAVCAP2,7125.0
2417,BEAVHOR2,7125.0
2418,BEAVPROU,7125.0
2419,SEAGHYP1,0.0
2421,STANFAN1,0.0
2423,VICTZON7,1722.0
2426,COMMWCO2,26217.0
2428,WELLCRE2,33095.0
2433,SOWEMCCA,2500.0
2434,SUNNGOUG,10791.0
2435,THISSWEN,1500.0
2436,WESTMAL4,0.0
2437,WESTMAL5,0.0
2438,WESTMAL6,0.0
2447,HIGBREMB,31920.0
2449,PONDSCE2,9700.0
2452,SHELODEL,0.0
2453,COMMHIG1,26217.0
2458,VALEDER1,16938.0
2461,COMMBEA1,26217.0
2462,COMMBEA2,26217.0
2463,COMMBEA3,0.0
2464,COMMFOE1,26217.0
2465,COMMFOE2,26217.0
2466,COMMTOP1,26217.0
2467,COMMTOP2,26217.0
2468,DARNMEAD,1000.0
2469,FANSGLE3,9167.0
2470,FANSMCL3,9167.0
2472,GLENGLE2,3375.0
2473,GLENGLV2,3375.0
2474,GLENMCG1,3375.0
2475,GLENRID2,3375.0
2476,LIGHEMER,0.0
2477,LIGHREAR,0.0
2478,LIGHWHSA,0.0
2482,MEADDORM,2375.0
2483,MEADEVAN,2375.0
2484,MEADGOOD,2375.0
2485,MEADREA3,2375.0
2486,REARCHE1,750.0
2488,ROXBCAS2,7750.0
2490,SISEGVA2,2000.0
2492,SISEWIG2,2000.0
2493,HYDESAR1,21562.0
2494,HYDESAR2,21562.0
2499,VICTWEST,1722.0
2504,2454MAIN,14000.0
2505,517FANSH,0.0
2506,CAMPMARI,3500.0
2507,CAMPSUNR,3500.0
2508,COLTBROA,0.0
2510,FANSALD1,9167.0
2511,FANSALD2,9167.0
2512,FANSDERW,9167.0
2513,FANSFOXW,9167.0
2514,FANSPIN2,9167.0
2515,FANSPINN,9167.0
2516,FANSWON1,9167.0
2517,FANSWON2,9167.0
2518,MAINCAMP,14000.0
2522,WHARCAMP,24600.0
2523,WHARSAVO,24600.0
2525,WONDBRA2,34184.0
2528,WONDWHAR,34184.0
2531,COMMCAD1,26217.0
2532,COMMCAD2,26217.0
2533,COMMCHE1,26217.0
2534,COMMCHE2,26217.0
2535,COMMGRA2,26217.0
2536,COMMGRAN,26217.0
2537,COMMHAL2,26217.0
2538,COMMREYN,26217.0
2539,COMMSTE1,26217.0
2542,KAINKIRK,4167.0
2543,KAINOXFN,4167.0
2545,KAINRIVE,4167.0
2546,KAINSUMM,4167.0
2547,RIVESHOR,500.0
2549,DOONMUS3,3500.0
2575,BEAVOAK2,7125.0
2586,HYPAWALM,21562.0
2589,NOTRBELM,5500.0
2590,NOTRNORT,5500.0
2591,NOTRSDAL,5500.0
2592,NOTRVIS2,5500.0
2593,WHARLEGE,24600.0
2594,WHARSOUT,24600.0
2595,WHARWON2,24600.0
2596,WONDPOWR,34184.0
2597,BRADMEDI,14631.0
2598,JALNARC5,4430.0
2600,THIROFO2,5250.0
2601,BRIAMEL3,3750.0
2602,405SUGA,0.0
2603,425SUGA,0.0
2604,565PROUD,0.0
2605,BASECOTS,11567.0
2610,WONDWHA2,34184.0
2611,CHEEGLOB,0.0
2612,COMMGLOB,0.0
2613,COMMMABR,0.0
2614,FANSDAL2,9167.0
2615,FANSDALM,9167.0
2616,PARKMEHE,0.0
2619,COLTSOU2,12630.0
2620,CRANBAR2,4000.0
2621,CRANBAR3,4000.0
2622,CRANBIRC,4000.0
2623,CRANROBE,4000.0
2624,CRANSCHR,4000.0
2625,CRANVIS2,4000.0
2629,SOUTPOME,22118.0
2631,TILLSOU2,0.0
2632,TILLSOUT,0.0
2633,VISCDUN2,6711.0
2635,ADMITRA2,3000.0
2636,CLARBAY2,17725.0
2637,CLARBAY1,17725.0
2638,CLARGOR2,17725.0
2639,CLARPEN1,17725.0
2640,CLARPEN2,17725.0
2641,FERNHAM1,7500.0
2642,FERNHAM2,7500.0
2643,FERNHOM1,7500.0
2645,FERNVIN1,7500.0
2646,GOREBRA2,7438.0
2647,GOREFIR2,7438.0
2648,GOREVAL2,7438.0
2650,HALEHAM2,7500.0
2651,HALEMAG2,7500.0
2652,HAMIBRA2,16174.0
2653,HAMICLA1,17725.0
2654,HAMICRI1,16174.0
2655,HAMICRI2,16174.0
2656,HAMIFAI1,16174.0
2657,HAMIGOR1,16174.0
2658,HAMIOAKL,16174.0
2659,HAMIRIV2,16174.0
2660,HAMIVALL,16174.0
2661,HAMIWAT2,16174.0
2662,HAMIYMCA,16174.0
2663,HYDEHAZE,21562.0
2664,HYDERIV1,21562.0
2665,MANITWE2,1000.0
2666,MARCEXMO,5500.0
2667,MARCJULI,5500.0
2668,MARCNOE2,5500.0
2670,MARCTRA2,5500.0
2671,MARCWOOD,5500.0
2672,MONTELD2,0.0
2673,MONTTWE2,0.0
2674,TWEEBER2,3000.0
2675,TWEEFAI2,3000.0
2676,TWEEMAN2,3000.0
2677,WEXFADM2,1000.0
2683,HORTSPRI,21958.0
2684,GRANRIDO,4750.0
2685,HYDENRN1,21562.0
2686,HYDENRN2,21562.0
2687,HYDENRSL,21562.0
2688,SPRIFORH,18100.0
2689,WELLHARL,33095.0
2690,ADELDUFR,24143.0
2691,SUNRHOWA,1000.0
2692,565PROU,0.0
2693,ADELBLAC,24143.0
2694,COSTCO,0.0
2695,FARMBOY1,0.0
2696,SOBEYS,0.0
2697,SUNNADE2,10791.0
2699,SUNNBLAC,10791.0
2700,SUNNYMCA,10791.0
2701,BEAVWHET,7125.0
2702,WESTTHO2,10000.0
2703,SUNRCOLT,12630.0
2704,FANSHIG2,9167.0
2705,GENGRE2,3750.0
2706,GRENADE2,3750.0
2707,GRENLAI2,3750.0
2708,GRENMID1,3750.0
2709,GRENTRO1,3750.0
2710,HIGH1550,0.0
2711,HIGHKIL2,31920.0
2712,HIGHTOW1,31920.0
2713,PHILBIL2,3000.0
2714,PHILBIL3,3000.0
2715,PHILDON2,3000.0
2716,PHILPEN2,3000.0
2730,WONDFAR5,34184.0
2732,FANSMCL1,9167.0
2734,FANSSTAC,9167.0
2736,KINGTALB,2250.0
2737,QUEERIC1,10233.0
2740,RICHKIN4,21667.0
2741,RICHQUE1,21667.0
2742,RICHQUE2,21667.0
2743,RIDOYOR2,6350.0
2744,WATEKINS,6714.0
2745,OXFOVMP1,26603.0
2747,SHERWOOD,0.0
2748,SOUTSING,22118.0
2749,SOUTSPRI,22118.0
2750,SUNNCANV,10791.0
2751,WHARCAST,24600.0
2752,WONDBRA3,34184.0
2753,FANSDAL3,9167.0
2754,FANSDAL4,9167.0
2755,FANSFOX1,9167.0
2756,FANSWON3,9167.0
2758,COMMAND1,26217.0
2759,COMMWES1,26217.0
2760,DALHBRI2,0.0
2761,DALHMCM1,0.0
2762,KERNRID1,6000.0
2763,KERNSPR1,6000.0
2764,SOUTBAS1,1500.0
2765,SOUTBAS2,1500.0
2766,SOUTGAR1,1500.0
2767,SOUTGAR2,1500.0
2768,SOUTPINE,22118.0
2769,SOUTSWCC,22118.0
2770,TOPPCOM1,4250.0
2772,WESTWIN1,10929.0
2773,1985RIC1,0.0
2774,1985RICH,0.0
2775,331COMMI,0.0
2776,550BERKS,0.0
2779,ADELGLE1,24143.0
2780,AMBECORL,2750.0
2781,AMBEGRAN,2750.0
2782,AMBEHESK,2750.0
2783,AMBEHILL,2750.0
2784,AMBEWTHA,2750.0
2785,AZIZWEST,0.0
2786,BARKHUR1,2429.0
2787,BARKKIPP,2429.0
2788,BARKMEL1,2429.0
2789,BARKMELS,2429.0
2790,BRADERN1,14631.0
2791,BRADERN2,14631.0
2792,BRADJAL1,14631.0
2793,BRADJAL2,14631.0
2794,BRADJAL3,14631.0
2795,CHEACOLB,13920.0
2796,COLBCHEA,8364.0
2797,COLBGRO1,8364.0
2798,COLBGRO2,8364.0
2799,COLBOXFO,8364.0
2800,COLBSJM1,8364.0
2801,COLBSJM2,8364.0
2802,COMMCAR1,26217.0
2803,COMMCAR2,26217.0
2804,COMMHIG2,26217.0
2805,COMMHIG3,26217.0
2806,COMMHIHE,26217.0
2807,COMMHILD,26217.0
2808,COMMKIFD,26217.0
2809,COMMRIDO,26217.0
2810,COMMUPP1,26217.0
2811,COMMWEL1,26217.0
2812,COMMWELL,26217.0
2813,COMMWHA1,26217.0
2814,COMMWHA2,26217.0
2815,COMMWORT,26217.0
2816,DEVEBANB,4333.0
2817,DEVEGLEN,4333.0
2818,DEVELYSA,4333.0
2819,DEVEPOND,4333.0
2820,EXETBRE1,19429.0
2821,EXETBRE2,19429.0
2822,EXETBREC,19429.0
2823,EXETMEA2,19429.0
2824,EXETMEA3,19429.0
2825,EXETMEA4,19429.0
2826,EXETMEA5,19429.0
2827,EXETWHIT,19429.0
2828,EXETWON1,19429.0
2829,EXETWOND,19429.0
2830,FANSFREE,9167.0
2831,FANSRIC4,9167.0
2832,FANSRIC5,9167.0
2833,FANSTRO3,9167.0
2834,FANSTRO4,9167.0
2835,FANSWOND,9167.0
2836,FOODBASC,0.0
2837,GIANTIGR,0.0
2839,GLENFANS,3375.0
2840,GLENGLE4,3375.0
2841,GLENMCL1,3375.0
2842,GLENMCL2,3375.0
2843,GLENRID1,3375.0
2844,GRENDEV1,3750.0
2845,GRENDEVO,3750.0
2846,GRENSTA1,3750.0
2847,GRENSTAC,3750.0
2848,GRENTROS,3750.0
2849,HUROLAMB,12604.0
2850,KIPPADE1,6250.0
2852,KIPPBEL1,6250.0
2853,MEADQUA1,1500.0
2854,MEADQUAR,1500.0
2855,MEADSUN1,1500.0
2856,MEADSUNN,1500.0
2857,PINNERIV,3267.0
2858,PINNFANS,3267.0
2859,PINNMCGA,3267.0
2860,PINNPLN1,3267.0
2861,PINNPLNE,3267.0
2862,PLANFAI3,3500.0
2863,PLANFAIR,3500.0
2865,QUARCALL,1500.0
2866,QUARPLN1,1500.0
2867,QUARPLNE,1500.0
2868,RALECOLT,1000.0
2869,RALERALE,1000.0
2870,RICHBERN,21667.0
2871,RICHNCR1,21667.0
2872,RICHNCRE,21667.0
2873,RICHPLN1,21667.0
2874,RICHPLNE,21667.0
2876,RICHWES3,21667.0
2877,RICHWEST,21667.0
2878,SOUTMONT,22118.0
2879,STACFAN1,3000.0
2880,SUNNRIC1,10791.0
2881,SUNNRICH,10791.0
2882,SUNNVIL1,10791.0
2883,SUNNVILW,10791.0
2884,TILBPOME,0.0
2885,TILLRALE,0.0
2887,WELLSDA5,33095.0
2889,WESTELG3,22917.0
2892,WHARBAS3,24600.0
2894,WHARCAM1,24600.0
2896,WHARRIV1,24600.0
2897,WHARSAV1,24600.0
2898,WHITBRA1,5408.0
2899,WHITBRAD,5408.0
2900,WHITDOW1,5408.0
2901,WHITDOW2,5408.0
2902,WHITDOWE,5408.0
2903,WHITEXE1,5408.0
2904,WHITEXE2,5408.0
2905,WHITEXE3,5408.0
2906,WHITEXET,5408.0
2908,FANCOLL6,9167.0
2910,STACFANS,0.0
2911,WELLBAS3,33095.0
2912,WESTLAM1,22917.0
2915,PONDAIL2,9700.0
2916,KINGWEL2,2250.0
2929,1030CLAR,0.0
2930,15701ROB,0.0
2931,15835ROB,0.0
2932,1901CRUM,0.0
2933,1980CRUM,0.0
2934,CLARCHE,17725.0
2935,CLARKOXF,17725.0
2936,CLARSTR,17725.0
2937,HUROCLA1,12604.0
2938,HUROCLA2,12604.0
2939,HUROVET,12604.0
2940,HUROVET1,12604.0
2941,ROBHILEB,0.0
2942,ROBHILSB,0.0
2943,ROBHURO,0.0
2944,ROBICRU1,0.0
2945,ROBICRUM,0.0
2946,ROBIHUR1,0.0
2947,CLARCHE3,17725.0
2948,CLAROXF4,17725.0
2949,WILTCOM1,5933.0
2950,2530INNO,0.0
2951,2860INNO,0.0
2952,CONCINN1,0.0
2953,DISCDRO1,0.0
2954,DROEBRA1,0.0
2955,HAMIORI1,16174.0
2956,HAMIORI2,16174.0
2957,HAMWILD1,16174.0
2958,HAMWILD2,16174.0
2959,VENTINN1,0.0
2961,WHARMOR2,24600.0
2962,KINGADE1,2250.0
2963,KINGADE2,2250.0
2964,KINGBUR3,2250.0
2965,KINGBUR4,2250.0
2967,BRADMIL1,14631.0
2968,BRADMIL2,14631.0
2969,HIGBEDG1,31920.0
2970,BRADPOM1,14631.0
2971,QUEERIC2,10233.0
2972,ONTAKIN1,1900.0
2973,ONTAKIN2,1900.0
2974,OXFORIV1,26603.0
2975,RIVEOXF1,500.0
2976,YORKWEL1,18714.0
